user_id,strategy,type,hit_rate,precision,recall,ndcg,novelty,diversity,coverage
A3BMUBUC1N77U8,Neural_Adaptive,advanced,0.0,0.0,0.0,0.0,0.0,1.0,0.001
A3IIGCFLKVFW8M,Neural_Adaptive,advanced,0.0,0.0,0.0,0.0,0.0,1.0,0.001
A6J8D9V5S9MBE,Neural_Adaptive,advanced,0.0,0.0,0.0,0.0,0.0,1.0,0.001
A3CLWR1UUZT6TG,Neural_Adaptive,advanced,1.0,0.1,0.2,0.1208113026994942,0.0,1.0,0.001
A11NR4AJK9TNQM,Neural_Adaptive,advanced,0.0,0.0,0.0,0.0,0.0,1.0,0.001
A1VA1QF8KZNBLL,Neural_Adaptive,advanced,0.0,0.0,0.0,0.0,0.0,1.0,0.001
A3TAS1AG6FMBQW,Neural_Adaptive,advanced,0.0,0.0,0.0,0.0,0.0,1.0,0.001
A39WT88YZXIJTB,Neural_Adaptive,advanced,0.0,0.0,0.0,0.0,0.0,1.0,0.001
AZFF4CX9MQ4AE,Neural_Adaptive,advanced,0.0,0.0,0.0,0.0,0.0,1.0,0.001
A2Y4H3PXB07WQI,Neural_Adaptive,advanced,0.0,0.0,0.0,0.0,0.0,1.0,0.001
ABU4LUKJU2QOY,Neural_Adaptive,advanced,0.0,0.0,0.0,0.0,0.0,1.0,0.001
A25RTRAPQAJBDJ,Neural_Adaptive,advanced,0.0,0.0,0.0,0.0,0.0,1.0,0.001
A1C00XXCYWEKK1,Neural_Adaptive,advanced,0.0,0.0,0.0,0.0,0.0,1.0,0.001
A3LDPF5FMB782Z,Neural_Adaptive,advanced,0.0,0.0,0.0,0.0,0.0,1.0,0.001
A1A5KUIIIHFF4U,Neural_Adaptive,advanced,0.0,0.0,0.0,0.0,0.0,1.0,0.001
A2XIOXRRYX0KZY,Neural_Adaptive,advanced,0.0,0.0,0.0,0.0,0.0,1.0,0.001
AH9FCFS4PCUVE,Neural_Adaptive,advanced,0.0,0.0,0.0,0.0,0.0,1.0,0.001
AW3LX47IHPFRL,Neural_Adaptive,advanced,0.0,0.0,0.0,0.0,0.0,1.0,0.001
A1E3OB6QMBKRYZ,Neural_Adaptive,advanced,0.0,0.0,0.0,0.0,0.0,1.0,0.001
A19N3S7CBSU6O7,Neural_Adaptive,advanced,0.0,0.0,0.0,0.0,0.0,1.0,0.001
A3IROM8JD6KAVG,Neural_Adaptive,advanced,0.0,0.0,0.0,0.0,0.0,1.0,0.001
A1WKUY7T0EM0GM,Neural_Adaptive,advanced,0.0,0.0,0.0,0.0,0.0,1.0,0.001
AOY9SZTMNQWAW,Neural_Adaptive,advanced,0.0,0.0,0.0,0.0,0.0,1.0,0.001
A1K4G5YJDJQI6Q,Neural_Adaptive,advanced,0.0,0.0,0.0,0.0,0.0,1.0,0.001
A1PPS91NLI7KEH,Neural_Adaptive,advanced,0.0,0.0,0.0,0.0,0.0,1.0,0.001
A2GP6XJ1V3MM3L,Neural_Adaptive,advanced,0.0,0.0,0.0,0.0,0.0,1.0,0.001
A2ZR3YTMEEIIZ4,Neural_Adaptive,advanced,0.0,0.0,0.0,0.0,0.0,1.0,0.001
A5JLAU2ARJ0BO,Neural_Adaptive,advanced,0.0,0.0,0.0,0.0,0.0,1.0,0.001
A1XG38WOY3LY4V,Neural_Adaptive,advanced,0.0,0.0,0.0,0.0,0.0,1.0,0.001
A3OKH5G69MS8D9,Neural_Adaptive,advanced,0.0,0.0,0.0,0.0,0.0,1.0,0.001
A1P4XD7IORSEFN,Neural_Adaptive,advanced,0.0,0.0,0.0,0.0,0.0,1.0,0.001
A22RY8N8CNDF3A,Neural_Adaptive,advanced,0.0,0.0,0.0,0.0,0.0,1.0,0.001
A341HCMGNZCBIT,Neural_Adaptive,advanced,0.0,0.0,0.0,0.0,0.0,1.0,0.001
A2A2M8EGBY2FV0,Neural_Adaptive,advanced,0.0,0.0,0.0,0.0,0.0,1.0,0.001
ADP8ROI8NMNL2,Neural_Adaptive,advanced,0.0,0.0,0.0,0.0,0.0,1.0,0.001
A3HPCRD9RX351S,Neural_Adaptive,advanced,0.0,0.0,0.0,0.0,0.0,1.0,0.001
A13X3KB8XPS0ZX,Neural_Adaptive,advanced,0.0,0.0,0.0,0.0,0.0,1.0,0.001
A3202C86H3AD1V,Neural_Adaptive,advanced,0.0,0.0,0.0,0.0,0.0,1.0,0.001
A18NLG35HLRE41,Neural_Adaptive,advanced,0.0,0.0,0.0,0.0,0.0,1.0,0.001
A3S9DTM7BCJS21,Neural_Adaptive,advanced,0.0,0.0,0.0,0.0,0.0,1.0,0.001
A1EARN5PUVIF1S,Neural_Adaptive,advanced,0.0,0.0,0.0,0.0,0.0,1.0,0.001
A20UU20K7M9ZPF,Neural_Adaptive,advanced,0.0,0.0,0.0,0.0,0.0,1.0,0.001
A18ECVX2RJ7HUE,Neural_Adaptive,advanced,0.0,0.0,0.0,0.0,0.0,1.0,0.001
A1DQHS7MOVYYYA,Neural_Adaptive,advanced,0.0,0.0,0.0,0.0,0.0,1.0,0.001
ALUNVOQRXOZIA,Neural_Adaptive,advanced,0.0,0.0,0.0,0.0,0.0,1.0,0.001
A2YCEKVUN1W5F1,Neural_Adaptive,advanced,0.0,0.0,0.0,0.0,0.0,1.0,0.001
A2U4Z76U7DF68,Neural_Adaptive,advanced,0.0,0.0,0.0,0.0,0.0,1.0,0.001
A3G7BEJJCPD6DS,Neural_Adaptive,advanced,0.0,0.0,0.0,0.0,0.0,1.0,0.001
A2JXS1JII6SAUD,Neural_Adaptive,advanced,0.0,0.0,0.0,0.0,0.0,1.0,0.001
A3Q3ICZ7K0RA1V,Neural_Adaptive,advanced,0.0,0.0,0.0,0.0,0.0,1.0,0.001
A3956O40ZZYFMY,Neural_Adaptive,advanced,0.0,0.0,0.0,0.0,0.0,1.0,0.001
A2LHANCVBGV36U,Neural_Adaptive,advanced,0.0,0.0,0.0,0.0,0.0,1.0,0.001
A328GLDSDNFYII,Neural_Adaptive,advanced,0.0,0.0,0.0,0.0,0.0,1.0,0.001
AAEVGE52KL0DJ,Neural_Adaptive,advanced,0.0,0.0,0.0,0.0,0.0,1.0,0.001
A1C82BC5GNABOA,Neural_Adaptive,advanced,0.0,0.0,0.0,0.0,0.0,1.0,0.001
A1GPVV2XWNGSDX,Neural_Adaptive,advanced,0.0,0.0,0.0,0.0,0.0,1.0,0.001
A10NQKIG7NXUR7,Neural_Adaptive,advanced,0.0,0.0,0.0,0.0,0.0,1.0,0.001
A1VHCO8RQFIGQJ,Neural_Adaptive,advanced,0.0,0.0,0.0,0.0,0.0,1.0,0.001
A2Z9S2RQD542CP,Neural_Adaptive,advanced,0.0,0.0,0.0,0.0,0.0,1.0,0.001
A2QIC4G483SQQA,Neural_Adaptive,advanced,0.0,0.0,0.0,0.0,0.0,1.0,0.001
A1AVDAS4VK9FCL,Neural_Adaptive,advanced,0.0,0.0,0.0,0.0,0.0,1.0,0.001
A3L6L5O89JTX2T,Neural_Adaptive,advanced,0.0,0.0,0.0,0.0,0.0,1.0,0.001
A1OGCPMSIVK7G4,Neural_Adaptive,advanced,0.0,0.0,0.0,0.0,0.0,1.0,0.001
A18HE80910BTZI,Neural_Adaptive,advanced,0.0,0.0,0.0,0.0,0.0,1.0,0.001
A3F9CBHV4OHFBS,Neural_Adaptive,advanced,0.0,0.0,0.0,0.0,0.0,1.0,0.001
A2UFAKH7Y8VH5N,Neural_Adaptive,advanced,0.0,0.0,0.0,0.0,0.0,1.0,0.001
A2NX6MFZP8TM6S,Neural_Adaptive,advanced,0.0,0.0,0.0,0.0,0.0,1.0,0.001
ADOR3TR7GDF68,Neural_Adaptive,advanced,0.0,0.0,0.0,0.0,0.0,1.0,0.001
ADWUJZ8865J2A,Neural_Adaptive,advanced,0.0,0.0,0.0,0.0,0.0,1.0,0.001
A1G6M86XS35YS3,Neural_Adaptive,advanced,0.0,0.0,0.0,0.0,0.0,1.0,0.001
A3O12K1YQR2FZ9,Neural_Adaptive,advanced,0.0,0.0,0.0,0.0,0.0,1.0,0.001
A1T1YSCDW0PD25,Neural_Adaptive,advanced,1.0,0.1,0.03333333333333333,0.06943122193677727,0.0,1.0,0.001
AOVMTR7PA8XB9,Neural_Adaptive,advanced,0.0,0.0,0.0,0.0,0.0,1.0,0.001
ABVYGB2TKBO8F,Neural_Adaptive,advanced,0.0,0.0,0.0,0.0,0.0,1.0,0.001
A11ED8O95W2103,Neural_Adaptive,advanced,0.0,0.0,0.0,0.0,0.0,1.0,0.001
A3NCIN6TNL0MGA,Neural_Adaptive,advanced,0.0,0.0,0.0,0.0,0.0,1.0,0.001
ASHJAZC9OA9NS,Neural_Adaptive,advanced,0.0,0.0,0.0,0.0,0.0,1.0,0.001
AAK7M9P1GEYWV,Neural_Adaptive,advanced,0.0,0.0,0.0,0.0,0.0,1.0,0.001
AW8UBYMNJ894V,Neural_Adaptive,advanced,0.0,0.0,0.0,0.0,0.0,1.0,0.001
A2BLITJITO97N5,Neural_Adaptive,advanced,0.0,0.0,0.0,0.0,0.0,1.0,0.001
A2MY9VXHZYAHUZ,Neural_Adaptive,advanced,0.0,0.0,0.0,0.0,0.0,1.0,0.001
A1X3DA7C61WZLQ,Neural_Adaptive,advanced,0.0,0.0,0.0,0.0,0.0,1.0,0.001
A1RPTVW5VEOSI,Neural_Adaptive,advanced,0.0,0.0,0.0,0.0,0.0,1.0,0.001
A1SCWY8O0IL2HU,Neural_Adaptive,advanced,0.0,0.0,0.0,0.0,0.0,1.0,0.001
A1FP2LA6M2OJX0,Neural_Adaptive,advanced,0.0,0.0,0.0,0.0,0.0,1.0,0.001
AVV7UXTHR0NWS,Neural_Adaptive,advanced,0.0,0.0,0.0,0.0,0.0,1.0,0.001
A1TBH7Z4RK7PRK,Neural_Adaptive,advanced,0.0,0.0,0.0,0.0,0.0,1.0,0.001
ADNV4SOGOMZXP,Neural_Adaptive,advanced,0.0,0.0,0.0,0.0,0.0,1.0,0.001
A1MD9AEU9C4WJN,Neural_Adaptive,advanced,0.0,0.0,0.0,0.0,0.0,1.0,0.001
A2HMF8ZR67BNZS,Neural_Adaptive,advanced,0.0,0.0,0.0,0.0,0.0,1.0,0.001
AZMY6E8B52L2T,Neural_Adaptive,advanced,0.0,0.0,0.0,0.0,0.0,1.0,0.001
AC8C9PT59CDW1,Neural_Adaptive,advanced,0.0,0.0,0.0,0.0,0.0,1.0,0.001
A2HDTOF8222KN3,Neural_Adaptive,advanced,0.0,0.0,0.0,0.0,0.0,1.0,0.001
A1R8R7XKJJ3Q3T,Neural_Adaptive,advanced,0.0,0.0,0.0,0.0,0.0,1.0,0.001
A21OA8773GTIKD,Neural_Adaptive,advanced,0.0,0.0,0.0,0.0,0.0,1.0,0.001
A2TN0U8173HM7A,Neural_Adaptive,advanced,0.0,0.0,0.0,0.0,0.0,1.0,0.001
ASCBJEPXTOU0V,Neural_Adaptive,advanced,0.0,0.0,0.0,0.0,0.0,1.0,0.001
A3LQI6DLFEXOVJ,Neural_Adaptive,advanced,0.0,0.0,0.0,0.0,0.0,1.0,0.001
A5ZGJBOPDRVQL,Neural_Adaptive,advanced,0.0,0.0,0.0,0.0,0.0,1.0,0.001
A33LBTRTH6XOLE,Neural_Adaptive,advanced,0.0,0.0,0.0,0.0,0.0,1.0,0.001
A3BMUBUC1N77U8,Attention_Based,advanced,0.0,0.0,0.0,0.0,0.0,1.0,0.001
A3IIGCFLKVFW8M,Attention_Based,advanced,0.0,0.0,0.0,0.0,0.0,1.0,0.001
A6J8D9V5S9MBE,Attention_Based,advanced,0.0,0.0,0.0,0.0,0.0,1.0,0.001
A3CLWR1UUZT6TG,Attention_Based,advanced,0.0,0.0,0.0,0.0,0.0,1.0,0.001
A11NR4AJK9TNQM,Attention_Based,advanced,0.0,0.0,0.0,0.0,0.0,1.0,0.001
A1VA1QF8KZNBLL,Attention_Based,advanced,0.0,0.0,0.0,0.0,0.0,1.0,0.001
A3TAS1AG6FMBQW,Attention_Based,advanced,0.0,0.0,0.0,0.0,0.0,1.0,0.001
A39WT88YZXIJTB,Attention_Based,advanced,0.0,0.0,0.0,0.0,0.0,1.0,0.001
AZFF4CX9MQ4AE,Attention_Based,advanced,0.0,0.0,0.0,0.0,0.0,1.0,0.001
A2Y4H3PXB07WQI,Attention_Based,advanced,0.0,0.0,0.0,0.0,0.0,1.0,0.001
ABU4LUKJU2QOY,Attention_Based,advanced,0.0,0.0,0.0,0.0,0.0,1.0,0.001
A25RTRAPQAJBDJ,Attention_Based,advanced,0.0,0.0,0.0,0.0,0.0,1.0,0.001
A1C00XXCYWEKK1,Attention_Based,advanced,0.0,0.0,0.0,0.0,0.0,1.0,0.001
A3LDPF5FMB782Z,Attention_Based,advanced,0.0,0.0,0.0,0.0,0.0,1.0,0.001
A1A5KUIIIHFF4U,Attention_Based,advanced,0.0,0.0,0.0,0.0,0.0,1.0,0.001
A2XIOXRRYX0KZY,Attention_Based,advanced,0.0,0.0,0.0,0.0,0.0,1.0,0.001
AH9FCFS4PCUVE,Attention_Based,advanced,0.0,0.0,0.0,0.0,0.0,1.0,0.001
AW3LX47IHPFRL,Attention_Based,advanced,0.0,0.0,0.0,0.0,0.0,1.0,0.001
A1E3OB6QMBKRYZ,Attention_Based,advanced,0.0,0.0,0.0,0.0,0.0,1.0,0.001
A19N3S7CBSU6O7,Attention_Based,advanced,0.0,0.0,0.0,0.0,0.0,1.0,0.001
A3IROM8JD6KAVG,Attention_Based,advanced,0.0,0.0,0.0,0.0,0.0,1.0,0.001
A1WKUY7T0EM0GM,Attention_Based,advanced,0.0,0.0,0.0,0.0,0.0,1.0,0.001
AOY9SZTMNQWAW,Attention_Based,advanced,0.0,0.0,0.0,0.0,0.0,1.0,0.001
A1K4G5YJDJQI6Q,Attention_Based,advanced,0.0,0.0,0.0,0.0,0.0,1.0,0.001
A1PPS91NLI7KEH,Attention_Based,advanced,0.0,0.0,0.0,0.0,0.0,1.0,0.001
A2GP6XJ1V3MM3L,Attention_Based,advanced,0.0,0.0,0.0,0.0,0.0,1.0,0.001
A2ZR3YTMEEIIZ4,Attention_Based,advanced,0.0,0.0,0.0,0.0,0.0,1.0,0.001
A5JLAU2ARJ0BO,Attention_Based,advanced,0.0,0.0,0.0,0.0,0.0,1.0,0.001
A1XG38WOY3LY4V,Attention_Based,advanced,0.0,0.0,0.0,0.0,0.0,1.0,0.001
A3OKH5G69MS8D9,Attention_Based,advanced,0.0,0.0,0.0,0.0,0.0,1.0,0.001
A1P4XD7IORSEFN,Attention_Based,advanced,0.0,0.0,0.0,0.0,0.0,1.0,0.001
A22RY8N8CNDF3A,Attention_Based,advanced,0.0,0.0,0.0,0.0,0.0,1.0,0.001
A341HCMGNZCBIT,Attention_Based,advanced,0.0,0.0,0.0,0.0,0.0,1.0,0.001
A2A2M8EGBY2FV0,Attention_Based,advanced,0.0,0.0,0.0,0.0,0.0,1.0,0.001
ADP8ROI8NMNL2,Attention_Based,advanced,0.0,0.0,0.0,0.0,0.0,1.0,0.001
A3HPCRD9RX351S,Attention_Based,advanced,0.0,0.0,0.0,0.0,0.0,1.0,0.001
A13X3KB8XPS0ZX,Attention_Based,advanced,0.0,0.0,0.0,0.0,0.0,1.0,0.001
A3202C86H3AD1V,Attention_Based,advanced,0.0,0.0,0.0,0.0,0.0,1.0,0.001
A18NLG35HLRE41,Attention_Based,advanced,0.0,0.0,0.0,0.0,0.0,1.0,0.001
A3S9DTM7BCJS21,Attention_Based,advanced,0.0,0.0,0.0,0.0,0.0,1.0,0.001
A1EARN5PUVIF1S,Attention_Based,advanced,0.0,0.0,0.0,0.0,0.0,1.0,0.001
A20UU20K7M9ZPF,Attention_Based,advanced,0.0,0.0,0.0,0.0,0.0,1.0,0.001
A18ECVX2RJ7HUE,Attention_Based,advanced,0.0,0.0,0.0,0.0,0.0,1.0,0.001
A1DQHS7MOVYYYA,Attention_Based,advanced,0.0,0.0,0.0,0.0,0.0,1.0,0.001
ALUNVOQRXOZIA,Attention_Based,advanced,0.0,0.0,0.0,0.0,0.0,1.0,0.001
A2YCEKVUN1W5F1,Attention_Based,advanced,0.0,0.0,0.0,0.0,0.0,1.0,0.001
A2U4Z76U7DF68,Attention_Based,advanced,0.0,0.0,0.0,0.0,0.0,1.0,0.001
A3G7BEJJCPD6DS,Attention_Based,advanced,0.0,0.0,0.0,0.0,0.0,1.0,0.001
A2JXS1JII6SAUD,Attention_Based,advanced,0.0,0.0,0.0,0.0,0.0,1.0,0.001
A3Q3ICZ7K0RA1V,Attention_Based,advanced,0.0,0.0,0.0,0.0,0.0,1.0,0.001
A3956O40ZZYFMY,Attention_Based,advanced,0.0,0.0,0.0,0.0,0.0,1.0,0.001
A2LHANCVBGV36U,Attention_Based,advanced,0.0,0.0,0.0,0.0,0.0,1.0,0.001
A328GLDSDNFYII,Attention_Based,advanced,0.0,0.0,0.0,0.0,0.0,1.0,0.001
AAEVGE52KL0DJ,Attention_Based,advanced,0.0,0.0,0.0,0.0,0.0,1.0,0.001
A1C82BC5GNABOA,Attention_Based,advanced,0.0,0.0,0.0,0.0,0.0,1.0,0.001
A1GPVV2XWNGSDX,Attention_Based,advanced,0.0,0.0,0.0,0.0,0.0,1.0,0.001
A10NQKIG7NXUR7,Attention_Based,advanced,0.0,0.0,0.0,0.0,0.0,1.0,0.001
A1VHCO8RQFIGQJ,Attention_Based,advanced,1.0,0.1,0.07692307692307693,0.06625422345438903,0.0,1.0,0.001
A2Z9S2RQD542CP,Attention_Based,advanced,0.0,0.0,0.0,0.0,0.0,1.0,0.001
A2QIC4G483SQQA,Attention_Based,advanced,0.0,0.0,0.0,0.0,0.0,1.0,0.001
A1AVDAS4VK9FCL,Attention_Based,advanced,0.0,0.0,0.0,0.0,0.0,1.0,0.001
A3L6L5O89JTX2T,Attention_Based,advanced,0.0,0.0,0.0,0.0,0.0,1.0,0.001
A1OGCPMSIVK7G4,Attention_Based,advanced,0.0,0.0,0.0,0.0,0.0,1.0,0.001
A18HE80910BTZI,Attention_Based,advanced,0.0,0.0,0.0,0.0,0.0,1.0,0.001
A3F9CBHV4OHFBS,Attention_Based,advanced,0.0,0.0,0.0,0.0,0.0,1.0,0.001
A2UFAKH7Y8VH5N,Attention_Based,advanced,0.0,0.0,0.0,0.0,0.0,1.0,0.001
A2NX6MFZP8TM6S,Attention_Based,advanced,0.0,0.0,0.0,0.0,0.0,1.0,0.001
ADOR3TR7GDF68,Attention_Based,advanced,1.0,0.1,0.08333333333333333,0.07336392209936005,0.0,1.0,0.001
ADWUJZ8865J2A,Attention_Based,advanced,0.0,0.0,0.0,0.0,0.0,1.0,0.001
A1G6M86XS35YS3,Attention_Based,advanced,0.0,0.0,0.0,0.0,0.0,1.0,0.001
A3O12K1YQR2FZ9,Attention_Based,advanced,0.0,0.0,0.0,0.0,0.0,1.0,0.001
A1T1YSCDW0PD25,Attention_Based,advanced,0.0,0.0,0.0,0.0,0.0,1.0,0.001
AOVMTR7PA8XB9,Attention_Based,advanced,0.0,0.0,0.0,0.0,0.0,1.0,0.001
ABVYGB2TKBO8F,Attention_Based,advanced,0.0,0.0,0.0,0.0,0.0,1.0,0.001
A11ED8O95W2103,Attention_Based,advanced,0.0,0.0,0.0,0.0,0.0,1.0,0.001
A3NCIN6TNL0MGA,Attention_Based,advanced,0.0,0.0,0.0,0.0,0.0,1.0,0.001
ASHJAZC9OA9NS,Attention_Based,advanced,0.0,0.0,0.0,0.0,0.0,1.0,0.001
AAK7M9P1GEYWV,Attention_Based,advanced,0.0,0.0,0.0,0.0,0.0,1.0,0.001
AW8UBYMNJ894V,Attention_Based,advanced,0.0,0.0,0.0,0.0,0.0,1.0,0.001
A2BLITJITO97N5,Attention_Based,advanced,0.0,0.0,0.0,0.0,0.0,1.0,0.001
A2MY9VXHZYAHUZ,Attention_Based,advanced,0.0,0.0,0.0,0.0,0.0,1.0,0.001
A1X3DA7C61WZLQ,Attention_Based,advanced,0.0,0.0,0.0,0.0,0.0,1.0,0.001
A1RPTVW5VEOSI,Attention_Based,advanced,0.0,0.0,0.0,0.0,0.0,1.0,0.001
A1SCWY8O0IL2HU,Attention_Based,advanced,0.0,0.0,0.0,0.0,0.0,1.0,0.001
A1FP2LA6M2OJX0,Attention_Based,advanced,0.0,0.0,0.0,0.0,0.0,1.0,0.001
AVV7UXTHR0NWS,Attention_Based,advanced,0.0,0.0,0.0,0.0,0.0,1.0,0.001
A1TBH7Z4RK7PRK,Attention_Based,advanced,0.0,0.0,0.0,0.0,0.0,1.0,0.001
ADNV4SOGOMZXP,Attention_Based,advanced,0.0,0.0,0.0,0.0,0.0,1.0,0.001
A1MD9AEU9C4WJN,Attention_Based,advanced,0.0,0.0,0.0,0.0,0.0,1.0,0.001
A2HMF8ZR67BNZS,Attention_Based,advanced,0.0,0.0,0.0,0.0,0.0,1.0,0.001
AZMY6E8B52L2T,Attention_Based,advanced,0.0,0.0,0.0,0.0,0.0,1.0,0.001
AC8C9PT59CDW1,Attention_Based,advanced,0.0,0.0,0.0,0.0,0.0,1.0,0.001
A2HDTOF8222KN3,Attention_Based,advanced,0.0,0.0,0.0,0.0,0.0,1.0,0.001
A1R8R7XKJJ3Q3T,Attention_Based,advanced,0.0,0.0,0.0,0.0,0.0,1.0,0.001
A21OA8773GTIKD,Attention_Based,advanced,0.0,0.0,0.0,0.0,0.0,1.0,0.001
A2TN0U8173HM7A,Attention_Based,advanced,0.0,0.0,0.0,0.0,0.0,1.0,0.001
ASCBJEPXTOU0V,Attention_Based,advanced,0.0,0.0,0.0,0.0,0.0,1.0,0.001
A3LQI6DLFEXOVJ,Attention_Based,advanced,0.0,0.0,0.0,0.0,0.0,1.0,0.001
A5ZGJBOPDRVQL,Attention_Based,advanced,0.0,0.0,0.0,0.0,0.0,1.0,0.001
A33LBTRTH6XOLE,Attention_Based,advanced,0.0,0.0,0.0,0.0,0.0,1.0,0.001
A3BMUBUC1N77U8,Cascade_Forgetting,advanced,0.0,0.0,0.0,0.0,0.0,1.0,0.001
A3IIGCFLKVFW8M,Cascade_Forgetting,advanced,0.0,0.0,0.0,0.0,0.0,1.0,0.001
A6J8D9V5S9MBE,Cascade_Forgetting,advanced,0.0,0.0,0.0,0.0,0.0,1.0,0.001
A3CLWR1UUZT6TG,Cascade_Forgetting,advanced,0.0,0.0,0.0,0.0,0.0,1.0,0.001
A11NR4AJK9TNQM,Cascade_Forgetting,advanced,0.0,0.0,0.0,0.0,0.0,1.0,0.001
A1VA1QF8KZNBLL,Cascade_Forgetting,advanced,0.0,0.0,0.0,0.0,0.0,1.0,0.001
A3TAS1AG6FMBQW,Cascade_Forgetting,advanced,0.0,0.0,0.0,0.0,0.0,1.0,0.001
A39WT88YZXIJTB,Cascade_Forgetting,advanced,0.0,0.0,0.0,0.0,0.0,1.0,0.001
AZFF4CX9MQ4AE,Cascade_Forgetting,advanced,0.0,0.0,0.0,0.0,0.0,1.0,0.001
A2Y4H3PXB07WQI,Cascade_Forgetting,advanced,0.0,0.0,0.0,0.0,0.0,1.0,0.001
ABU4LUKJU2QOY,Cascade_Forgetting,advanced,0.0,0.0,0.0,0.0,0.0,1.0,0.001
A25RTRAPQAJBDJ,Cascade_Forgetting,advanced,0.0,0.0,0.0,0.0,0.0,1.0,0.001
A1C00XXCYWEKK1,Cascade_Forgetting,advanced,0.0,0.0,0.0,0.0,0.0,1.0,0.001
A3LDPF5FMB782Z,Cascade_Forgetting,advanced,0.0,0.0,0.0,0.0,0.0,1.0,0.001
A1A5KUIIIHFF4U,Cascade_Forgetting,advanced,0.0,0.0,0.0,0.0,0.0,1.0,0.001
A2XIOXRRYX0KZY,Cascade_Forgetting,advanced,0.0,0.0,0.0,0.0,0.0,1.0,0.001
AH9FCFS4PCUVE,Cascade_Forgetting,advanced,0.0,0.0,0.0,0.0,0.0,1.0,0.001
AW3LX47IHPFRL,Cascade_Forgetting,advanced,0.0,0.0,0.0,0.0,0.0,1.0,0.001
A1E3OB6QMBKRYZ,Cascade_Forgetting,advanced,0.0,0.0,0.0,0.0,0.0,1.0,0.001
A19N3S7CBSU6O7,Cascade_Forgetting,advanced,0.0,0.0,0.0,0.0,0.0,1.0,0.001
A3IROM8JD6KAVG,Cascade_Forgetting,advanced,0.0,0.0,0.0,0.0,0.0,1.0,0.001
A1WKUY7T0EM0GM,Cascade_Forgetting,advanced,0.0,0.0,0.0,0.0,0.0,1.0,0.001
AOY9SZTMNQWAW,Cascade_Forgetting,advanced,0.0,0.0,0.0,0.0,0.0,1.0,0.001
A1K4G5YJDJQI6Q,Cascade_Forgetting,advanced,0.0,0.0,0.0,0.0,0.0,1.0,0.001
A1PPS91NLI7KEH,Cascade_Forgetting,advanced,0.0,0.0,0.0,0.0,0.0,1.0,0.001
A2GP6XJ1V3MM3L,Cascade_Forgetting,advanced,0.0,0.0,0.0,0.0,0.0,1.0,0.001
A2ZR3YTMEEIIZ4,Cascade_Forgetting,advanced,0.0,0.0,0.0,0.0,0.0,1.0,0.001
A5JLAU2ARJ0BO,Cascade_Forgetting,advanced,0.0,0.0,0.0,0.0,0.0,1.0,0.001
A1XG38WOY3LY4V,Cascade_Forgetting,advanced,0.0,0.0,0.0,0.0,0.0,1.0,0.001
A3OKH5G69MS8D9,Cascade_Forgetting,advanced,0.0,0.0,0.0,0.0,0.0,1.0,0.001
A1P4XD7IORSEFN,Cascade_Forgetting,advanced,0.0,0.0,0.0,0.0,0.0,1.0,0.001
A22RY8N8CNDF3A,Cascade_Forgetting,advanced,0.0,0.0,0.0,0.0,0.0,1.0,0.001
A341HCMGNZCBIT,Cascade_Forgetting,advanced,0.0,0.0,0.0,0.0,0.0,1.0,0.001
A2A2M8EGBY2FV0,Cascade_Forgetting,advanced,0.0,0.0,0.0,0.0,0.0,1.0,0.001
ADP8ROI8NMNL2,Cascade_Forgetting,advanced,0.0,0.0,0.0,0.0,0.0,1.0,0.001
A3HPCRD9RX351S,Cascade_Forgetting,advanced,0.0,0.0,0.0,0.0,0.0,1.0,0.001
A13X3KB8XPS0ZX,Cascade_Forgetting,advanced,0.0,0.0,0.0,0.0,0.0,1.0,0.001
A3202C86H3AD1V,Cascade_Forgetting,advanced,0.0,0.0,0.0,0.0,0.0,1.0,0.001
A18NLG35HLRE41,Cascade_Forgetting,advanced,0.0,0.0,0.0,0.0,0.0,1.0,0.001
A3S9DTM7BCJS21,Cascade_Forgetting,advanced,0.0,0.0,0.0,0.0,0.0,1.0,0.001
A1EARN5PUVIF1S,Cascade_Forgetting,advanced,0.0,0.0,0.0,0.0,0.0,1.0,0.001
A20UU20K7M9ZPF,Cascade_Forgetting,advanced,0.0,0.0,0.0,0.0,0.0,1.0,0.001
A18ECVX2RJ7HUE,Cascade_Forgetting,advanced,0.0,0.0,0.0,0.0,0.0,1.0,0.001
A1DQHS7MOVYYYA,Cascade_Forgetting,advanced,0.0,0.0,0.0,0.0,0.0,1.0,0.001
ALUNVOQRXOZIA,Cascade_Forgetting,advanced,0.0,0.0,0.0,0.0,0.0,1.0,0.001
A2YCEKVUN1W5F1,Cascade_Forgetting,advanced,0.0,0.0,0.0,0.0,0.0,1.0,0.001
A2U4Z76U7DF68,Cascade_Forgetting,advanced,0.0,0.0,0.0,0.0,0.0,1.0,0.001
A3G7BEJJCPD6DS,Cascade_Forgetting,advanced,0.0,0.0,0.0,0.0,0.0,1.0,0.001
A2JXS1JII6SAUD,Cascade_Forgetting,advanced,0.0,0.0,0.0,0.0,0.0,1.0,0.001
A3Q3ICZ7K0RA1V,Cascade_Forgetting,advanced,0.0,0.0,0.0,0.0,0.0,1.0,0.001
A3956O40ZZYFMY,Cascade_Forgetting,advanced,0.0,0.0,0.0,0.0,0.0,1.0,0.001
A2LHANCVBGV36U,Cascade_Forgetting,advanced,0.0,0.0,0.0,0.0,0.0,1.0,0.001
A328GLDSDNFYII,Cascade_Forgetting,advanced,0.0,0.0,0.0,0.0,0.0,1.0,0.001
AAEVGE52KL0DJ,Cascade_Forgetting,advanced,0.0,0.0,0.0,0.0,0.0,1.0,0.001
A1C82BC5GNABOA,Cascade_Forgetting,advanced,0.0,0.0,0.0,0.0,0.0,1.0,0.001
A1GPVV2XWNGSDX,Cascade_Forgetting,advanced,0.0,0.0,0.0,0.0,0.0,1.0,0.001
A10NQKIG7NXUR7,Cascade_Forgetting,advanced,0.0,0.0,0.0,0.0,0.0,1.0,0.001
A1VHCO8RQFIGQJ,Cascade_Forgetting,advanced,0.0,0.0,0.0,0.0,0.0,1.0,0.001
A2Z9S2RQD542CP,Cascade_Forgetting,advanced,0.0,0.0,0.0,0.0,0.0,1.0,0.001
A2QIC4G483SQQA,Cascade_Forgetting,advanced,0.0,0.0,0.0,0.0,0.0,1.0,0.001
A1AVDAS4VK9FCL,Cascade_Forgetting,advanced,0.0,0.0,0.0,0.0,0.0,1.0,0.001
A3L6L5O89JTX2T,Cascade_Forgetting,advanced,0.0,0.0,0.0,0.0,0.0,1.0,0.001
A1OGCPMSIVK7G4,Cascade_Forgetting,advanced,0.0,0.0,0.0,0.0,0.0,1.0,0.001
A18HE80910BTZI,Cascade_Forgetting,advanced,0.0,0.0,0.0,0.0,0.0,1.0,0.001
A3F9CBHV4OHFBS,Cascade_Forgetting,advanced,0.0,0.0,0.0,0.0,0.0,1.0,0.001
A2UFAKH7Y8VH5N,Cascade_Forgetting,advanced,0.0,0.0,0.0,0.0,0.0,1.0,0.001
A2NX6MFZP8TM6S,Cascade_Forgetting,advanced,0.0,0.0,0.0,0.0,0.0,1.0,0.001
ADOR3TR7GDF68,Cascade_Forgetting,advanced,0.0,0.0,0.0,0.0,0.0,1.0,0.001
ADWUJZ8865J2A,Cascade_Forgetting,advanced,1.0,0.1,0.3333333333333333,0.23463936301137822,0.0,1.0,0.001
A1G6M86XS35YS3,Cascade_Forgetting,advanced,0.0,0.0,0.0,0.0,0.0,1.0,0.001
A3O12K1YQR2FZ9,Cascade_Forgetting,advanced,0.0,0.0,0.0,0.0,0.0,1.0,0.001
A1T1YSCDW0PD25,Cascade_Forgetting,advanced,0.0,0.0,0.0,0.0,0.0,1.0,0.001
AOVMTR7PA8XB9,Cascade_Forgetting,advanced,0.0,0.0,0.0,0.0,0.0,1.0,0.001
ABVYGB2TKBO8F,Cascade_Forgetting,advanced,0.0,0.0,0.0,0.0,0.0,1.0,0.001
A11ED8O95W2103,Cascade_Forgetting,advanced,0.0,0.0,0.0,0.0,0.0,1.0,0.001
A3NCIN6TNL0MGA,Cascade_Forgetting,advanced,0.0,0.0,0.0,0.0,0.0,1.0,0.001
ASHJAZC9OA9NS,Cascade_Forgetting,advanced,0.0,0.0,0.0,0.0,0.0,1.0,0.001
AAK7M9P1GEYWV,Cascade_Forgetting,advanced,0.0,0.0,0.0,0.0,0.0,1.0,0.001
AW8UBYMNJ894V,Cascade_Forgetting,advanced,0.0,0.0,0.0,0.0,0.0,1.0,0.001
A2BLITJITO97N5,Cascade_Forgetting,advanced,0.0,0.0,0.0,0.0,0.0,1.0,0.001
A2MY9VXHZYAHUZ,Cascade_Forgetting,advanced,0.0,0.0,0.0,0.0,0.0,1.0,0.001
A1X3DA7C61WZLQ,Cascade_Forgetting,advanced,0.0,0.0,0.0,0.0,0.0,1.0,0.001
A1RPTVW5VEOSI,Cascade_Forgetting,advanced,0.0,0.0,0.0,0.0,0.0,1.0,0.001
A1SCWY8O0IL2HU,Cascade_Forgetting,advanced,0.0,0.0,0.0,0.0,0.0,1.0,0.001
A1FP2LA6M2OJX0,Cascade_Forgetting,advanced,0.0,0.0,0.0,0.0,0.0,1.0,0.001
AVV7UXTHR0NWS,Cascade_Forgetting,advanced,0.0,0.0,0.0,0.0,0.0,1.0,0.001
A1TBH7Z4RK7PRK,Cascade_Forgetting,advanced,0.0,0.0,0.0,0.0,0.0,1.0,0.001
ADNV4SOGOMZXP,Cascade_Forgetting,advanced,0.0,0.0,0.0,0.0,0.0,1.0,0.001
A1MD9AEU9C4WJN,Cascade_Forgetting,advanced,0.0,0.0,0.0,0.0,0.0,1.0,0.001
A2HMF8ZR67BNZS,Cascade_Forgetting,advanced,0.0,0.0,0.0,0.0,0.0,1.0,0.001
AZMY6E8B52L2T,Cascade_Forgetting,advanced,0.0,0.0,0.0,0.0,0.0,1.0,0.001
AC8C9PT59CDW1,Cascade_Forgetting,advanced,0.0,0.0,0.0,0.0,0.0,1.0,0.001
A2HDTOF8222KN3,Cascade_Forgetting,advanced,0.0,0.0,0.0,0.0,0.0,1.0,0.001
A1R8R7XKJJ3Q3T,Cascade_Forgetting,advanced,0.0,0.0,0.0,0.0,0.0,1.0,0.001
A21OA8773GTIKD,Cascade_Forgetting,advanced,0.0,0.0,0.0,0.0,0.0,1.0,0.001
A2TN0U8173HM7A,Cascade_Forgetting,advanced,0.0,0.0,0.0,0.0,0.0,1.0,0.001
ASCBJEPXTOU0V,Cascade_Forgetting,advanced,0.0,0.0,0.0,0.0,0.0,1.0,0.001
A3LQI6DLFEXOVJ,Cascade_Forgetting,advanced,0.0,0.0,0.0,0.0,0.0,1.0,0.001
A5ZGJBOPDRVQL,Cascade_Forgetting,advanced,0.0,0.0,0.0,0.0,0.0,1.0,0.001
A33LBTRTH6XOLE,Cascade_Forgetting,advanced,0.0,0.0,0.0,0.0,0.0,1.0,0.001
A3BMUBUC1N77U8,Contextual_Forgetting,advanced,0.0,0.0,0.0,0.0,0.0,1.0,0.001
A3IIGCFLKVFW8M,Contextual_Forgetting,advanced,0.0,0.0,0.0,0.0,0.0,1.0,0.001
A6J8D9V5S9MBE,Contextual_Forgetting,advanced,0.0,0.0,0.0,0.0,0.0,1.0,0.001
A3CLWR1UUZT6TG,Contextual_Forgetting,advanced,0.0,0.0,0.0,0.0,0.0,0.8,0.001
A11NR4AJK9TNQM,Contextual_Forgetting,advanced,0.0,0.0,0.0,0.0,0.0,1.0,0.001
A1VA1QF8KZNBLL,Contextual_Forgetting,advanced,0.0,0.0,0.0,0.0,0.0,1.0,0.001
A3TAS1AG6FMBQW,Contextual_Forgetting,advanced,0.0,0.0,0.0,0.0,0.0,1.0,0.001
A39WT88YZXIJTB,Contextual_Forgetting,advanced,0.0,0.0,0.0,0.0,0.0,1.0,0.001
AZFF4CX9MQ4AE,Contextual_Forgetting,advanced,0.0,0.0,0.0,0.0,0.0,1.0,0.001
A2Y4H3PXB07WQI,Contextual_Forgetting,advanced,0.0,0.0,0.0,0.0,0.0,1.0,0.001
ABU4LUKJU2QOY,Contextual_Forgetting,advanced,0.0,0.0,0.0,0.0,0.0,1.0,0.001
A25RTRAPQAJBDJ,Contextual_Forgetting,advanced,0.0,0.0,0.0,0.0,0.0,1.0,0.001
A1C00XXCYWEKK1,Contextual_Forgetting,advanced,0.0,0.0,0.0,0.0,0.0,1.0,0.001
A3LDPF5FMB782Z,Contextual_Forgetting,advanced,0.0,0.0,0.0,0.0,0.0,1.0,0.001
A1A5KUIIIHFF4U,Contextual_Forgetting,advanced,0.0,0.0,0.0,0.0,0.0,0.8,0.001
A2XIOXRRYX0KZY,Contextual_Forgetting,advanced,0.0,0.0,0.0,0.0,0.0,1.0,0.001
AH9FCFS4PCUVE,Contextual_Forgetting,advanced,0.0,0.0,0.0,0.0,0.0,0.8,0.001
AW3LX47IHPFRL,Contextual_Forgetting,advanced,0.0,0.0,0.0,0.0,0.0,1.0,0.001
A1E3OB6QMBKRYZ,Contextual_Forgetting,advanced,0.0,0.0,0.0,0.0,0.0,1.0,0.001
A19N3S7CBSU6O7,Contextual_Forgetting,advanced,0.0,0.0,0.0,0.0,0.0,1.0,0.001
A3IROM8JD6KAVG,Contextual_Forgetting,advanced,0.0,0.0,0.0,0.0,0.0,1.0,0.001
A1WKUY7T0EM0GM,Contextual_Forgetting,advanced,0.0,0.0,0.0,0.0,0.0,1.0,0.001
AOY9SZTMNQWAW,Contextual_Forgetting,advanced,0.0,0.0,0.0,0.0,0.0,1.0,0.001
A1K4G5YJDJQI6Q,Contextual_Forgetting,advanced,0.0,0.0,0.0,0.0,0.0,1.0,0.001
A1PPS91NLI7KEH,Contextual_Forgetting,advanced,0.0,0.0,0.0,0.0,0.0,1.0,0.001
A2GP6XJ1V3MM3L,Contextual_Forgetting,advanced,0.0,0.0,0.0,0.0,0.0,1.0,0.001
A2ZR3YTMEEIIZ4,Contextual_Forgetting,advanced,0.0,0.0,0.0,0.0,0.0,1.0,0.001
A5JLAU2ARJ0BO,Contextual_Forgetting,advanced,0.0,0.0,0.0,0.0,0.0,1.0,0.001
A1XG38WOY3LY4V,Contextual_Forgetting,advanced,0.0,0.0,0.0,0.0,0.0,1.0,0.001
A3OKH5G69MS8D9,Contextual_Forgetting,advanced,0.0,0.0,0.0,0.0,0.0,1.0,0.001
A1P4XD7IORSEFN,Contextual_Forgetting,advanced,0.0,0.0,0.0,0.0,0.0,1.0,0.001
A22RY8N8CNDF3A,Contextual_Forgetting,advanced,0.0,0.0,0.0,0.0,0.0,1.0,0.001
A341HCMGNZCBIT,Contextual_Forgetting,advanced,0.0,0.0,0.0,0.0,0.0,0.8,0.001
A2A2M8EGBY2FV0,Contextual_Forgetting,advanced,0.0,0.0,0.0,0.0,0.0,1.0,0.001
ADP8ROI8NMNL2,Contextual_Forgetting,advanced,0.0,0.0,0.0,0.0,0.0,1.0,0.001
A3HPCRD9RX351S,Contextual_Forgetting,advanced,0.0,0.0,0.0,0.0,0.0,1.0,0.001
A13X3KB8XPS0ZX,Contextual_Forgetting,advanced,0.0,0.0,0.0,0.0,0.0,1.0,0.001
A3202C86H3AD1V,Contextual_Forgetting,advanced,0.0,0.0,0.0,0.0,0.0,1.0,0.001
A18NLG35HLRE41,Contextual_Forgetting,advanced,0.0,0.0,0.0,0.0,0.0,1.0,0.001
A3S9DTM7BCJS21,Contextual_Forgetting,advanced,0.0,0.0,0.0,0.0,0.0,1.0,0.001
A1EARN5PUVIF1S,Contextual_Forgetting,advanced,0.0,0.0,0.0,0.0,0.0,1.0,0.001
A20UU20K7M9ZPF,Contextual_Forgetting,advanced,0.0,0.0,0.0,0.0,0.0,1.0,0.001
A18ECVX2RJ7HUE,Contextual_Forgetting,advanced,0.0,0.0,0.0,0.0,0.0,0.8,0.001
A1DQHS7MOVYYYA,Contextual_Forgetting,advanced,0.0,0.0,0.0,0.0,0.0,1.0,0.001
ALUNVOQRXOZIA,Contextual_Forgetting,advanced,0.0,0.0,0.0,0.0,0.0,1.0,0.001
A2YCEKVUN1W5F1,Contextual_Forgetting,advanced,0.0,0.0,0.0,0.0,0.0,1.0,0.001
A2U4Z76U7DF68,Contextual_Forgetting,advanced,0.0,0.0,0.0,0.0,0.0,1.0,0.001
A3G7BEJJCPD6DS,Contextual_Forgetting,advanced,0.0,0.0,0.0,0.0,0.0,1.0,0.001
A2JXS1JII6SAUD,Contextual_Forgetting,advanced,0.0,0.0,0.0,0.0,0.0,1.0,0.001
A3Q3ICZ7K0RA1V,Contextual_Forgetting,advanced,0.0,0.0,0.0,0.0,0.0,1.0,0.001
A3956O40ZZYFMY,Contextual_Forgetting,advanced,0.0,0.0,0.0,0.0,0.0,1.0,0.001
A2LHANCVBGV36U,Contextual_Forgetting,advanced,0.0,0.0,0.0,0.0,0.0,1.0,0.001
A328GLDSDNFYII,Contextual_Forgetting,advanced,0.0,0.0,0.0,0.0,0.0,1.0,0.001
AAEVGE52KL0DJ,Contextual_Forgetting,advanced,0.0,0.0,0.0,0.0,0.0,1.0,0.001
A1C82BC5GNABOA,Contextual_Forgetting,advanced,0.0,0.0,0.0,0.0,0.0,0.8,0.001
A1GPVV2XWNGSDX,Contextual_Forgetting,advanced,0.0,0.0,0.0,0.0,0.0,1.0,0.001
A10NQKIG7NXUR7,Contextual_Forgetting,advanced,0.0,0.0,0.0,0.0,0.0,1.0,0.001
A1VHCO8RQFIGQJ,Contextual_Forgetting,advanced,0.0,0.0,0.0,0.0,0.0,1.0,0.001
A2Z9S2RQD542CP,Contextual_Forgetting,advanced,0.0,0.0,0.0,0.0,0.0,1.0,0.001
A2QIC4G483SQQA,Contextual_Forgetting,advanced,0.0,0.0,0.0,0.0,0.0,1.0,0.001
A1AVDAS4VK9FCL,Contextual_Forgetting,advanced,0.0,0.0,0.0,0.0,0.0,1.0,0.001
A3L6L5O89JTX2T,Contextual_Forgetting,advanced,0.0,0.0,0.0,0.0,0.0,1.0,0.001
A1OGCPMSIVK7G4,Contextual_Forgetting,advanced,0.0,0.0,0.0,0.0,0.0,1.0,0.001
A18HE80910BTZI,Contextual_Forgetting,advanced,0.0,0.0,0.0,0.0,0.0,1.0,0.001
A3F9CBHV4OHFBS,Contextual_Forgetting,advanced,0.0,0.0,0.0,0.0,0.0,1.0,0.001
A2UFAKH7Y8VH5N,Contextual_Forgetting,advanced,0.0,0.0,0.0,0.0,0.0,1.0,0.001
A2NX6MFZP8TM6S,Contextual_Forgetting,advanced,0.0,0.0,0.0,0.0,0.0,1.0,0.001
ADOR3TR7GDF68,Contextual_Forgetting,advanced,0.0,0.0,0.0,0.0,0.0,1.0,0.001
ADWUJZ8865J2A,Contextual_Forgetting,advanced,0.0,0.0,0.0,0.0,0.0,0.8,0.001
A1G6M86XS35YS3,Contextual_Forgetting,advanced,0.0,0.0,0.0,0.0,0.0,1.0,0.001
A3O12K1YQR2FZ9,Contextual_Forgetting,advanced,0.0,0.0,0.0,0.0,0.0,1.0,0.001
A1T1YSCDW0PD25,Contextual_Forgetting,advanced,1.0,0.1,0.03333333333333333,0.06362078819895171,0.0,1.0,0.001
AOVMTR7PA8XB9,Contextual_Forgetting,advanced,0.0,0.0,0.0,0.0,0.0,1.0,0.001
ABVYGB2TKBO8F,Contextual_Forgetting,advanced,0.0,0.0,0.0,0.0,0.0,1.0,0.001
A11ED8O95W2103,Contextual_Forgetting,advanced,0.0,0.0,0.0,0.0,0.0,1.0,0.001
A3NCIN6TNL0MGA,Contextual_Forgetting,advanced,0.0,0.0,0.0,0.0,0.0,1.0,0.001
ASHJAZC9OA9NS,Contextual_Forgetting,advanced,0.0,0.0,0.0,0.0,0.0,1.0,0.001
AAK7M9P1GEYWV,Contextual_Forgetting,advanced,0.0,0.0,0.0,0.0,0.0,1.0,0.001
AW8UBYMNJ894V,Contextual_Forgetting,advanced,0.0,0.0,0.0,0.0,0.0,1.0,0.001
A2BLITJITO97N5,Contextual_Forgetting,advanced,0.0,0.0,0.0,0.0,0.0,1.0,0.001
A2MY9VXHZYAHUZ,Contextual_Forgetting,advanced,0.0,0.0,0.0,0.0,0.0,1.0,0.001
A1X3DA7C61WZLQ,Contextual_Forgetting,advanced,0.0,0.0,0.0,0.0,0.0,1.0,0.001
A1RPTVW5VEOSI,Contextual_Forgetting,advanced,0.0,0.0,0.0,0.0,0.0,1.0,0.001
A1SCWY8O0IL2HU,Contextual_Forgetting,advanced,0.0,0.0,0.0,0.0,0.0,1.0,0.001
A1FP2LA6M2OJX0,Contextual_Forgetting,advanced,0.0,0.0,0.0,0.0,0.0,1.0,0.001
AVV7UXTHR0NWS,Contextual_Forgetting,advanced,0.0,0.0,0.0,0.0,0.0,1.0,0.001
A1TBH7Z4RK7PRK,Contextual_Forgetting,advanced,0.0,0.0,0.0,0.0,0.0,1.0,0.001
ADNV4SOGOMZXP,Contextual_Forgetting,advanced,0.0,0.0,0.0,0.0,0.0,1.0,0.001
A1MD9AEU9C4WJN,Contextual_Forgetting,advanced,0.0,0.0,0.0,0.0,0.0,1.0,0.001
A2HMF8ZR67BNZS,Contextual_Forgetting,advanced,0.0,0.0,0.0,0.0,0.0,1.0,0.001
AZMY6E8B52L2T,Contextual_Forgetting,advanced,0.0,0.0,0.0,0.0,0.0,1.0,0.001
AC8C9PT59CDW1,Contextual_Forgetting,advanced,0.0,0.0,0.0,0.0,0.0,1.0,0.001
A2HDTOF8222KN3,Contextual_Forgetting,advanced,0.0,0.0,0.0,0.0,0.0,1.0,0.001
A1R8R7XKJJ3Q3T,Contextual_Forgetting,advanced,0.0,0.0,0.0,0.0,0.0,1.0,0.001
A21OA8773GTIKD,Contextual_Forgetting,advanced,0.0,0.0,0.0,0.0,0.0,1.0,0.001
A2TN0U8173HM7A,Contextual_Forgetting,advanced,0.0,0.0,0.0,0.0,0.0,1.0,0.001
ASCBJEPXTOU0V,Contextual_Forgetting,advanced,0.0,0.0,0.0,0.0,0.0,1.0,0.001
A3LQI6DLFEXOVJ,Contextual_Forgetting,advanced,0.0,0.0,0.0,0.0,0.0,1.0,0.001
A5ZGJBOPDRVQL,Contextual_Forgetting,advanced,0.0,0.0,0.0,0.0,0.0,1.0,0.001
A33LBTRTH6XOLE,Contextual_Forgetting,advanced,0.0,0.0,0.0,0.0,0.0,1.0,0.001
A3BMUBUC1N77U8,Hybrid_Neural_Attention,advanced,0.0,0.0,0.0,0.0,0.0,1.0,0.001
A3IIGCFLKVFW8M,Hybrid_Neural_Attention,advanced,0.0,0.0,0.0,0.0,0.0,1.0,0.001
A6J8D9V5S9MBE,Hybrid_Neural_Attention,advanced,0.0,0.0,0.0,0.0,0.0,1.0,0.001
A3CLWR1UUZT6TG,Hybrid_Neural_Attention,advanced,1.0,0.1,0.2,0.09803928583135704,0.0,1.0,0.001
A11NR4AJK9TNQM,Hybrid_Neural_Attention,advanced,0.0,0.0,0.0,0.0,0.0,1.0,0.001
A1VA1QF8KZNBLL,Hybrid_Neural_Attention,advanced,0.0,0.0,0.0,0.0,0.0,1.0,0.001
A3TAS1AG6FMBQW,Hybrid_Neural_Attention,advanced,0.0,0.0,0.0,0.0,0.0,1.0,0.001
A39WT88YZXIJTB,Hybrid_Neural_Attention,advanced,0.0,0.0,0.0,0.0,0.0,1.0,0.001
AZFF4CX9MQ4AE,Hybrid_Neural_Attention,advanced,0.0,0.0,0.0,0.0,0.0,1.0,0.001
A2Y4H3PXB07WQI,Hybrid_Neural_Attention,advanced,0.0,0.0,0.0,0.0,0.0,1.0,0.001
ABU4LUKJU2QOY,Hybrid_Neural_Attention,advanced,0.0,0.0,0.0,0.0,0.0,1.0,0.001
A25RTRAPQAJBDJ,Hybrid_Neural_Attention,advanced,0.0,0.0,0.0,0.0,0.0,1.0,0.001
A1C00XXCYWEKK1,Hybrid_Neural_Attention,advanced,0.0,0.0,0.0,0.0,0.0,1.0,0.001
A3LDPF5FMB782Z,Hybrid_Neural_Attention,advanced,0.0,0.0,0.0,0.0,0.0,1.0,0.001
A1A5KUIIIHFF4U,Hybrid_Neural_Attention,advanced,0.0,0.0,0.0,0.0,0.0,1.0,0.001
A2XIOXRRYX0KZY,Hybrid_Neural_Attention,advanced,0.0,0.0,0.0,0.0,0.0,1.0,0.001
AH9FCFS4PCUVE,Hybrid_Neural_Attention,advanced,0.0,0.0,0.0,0.0,0.0,1.0,0.001
AW3LX47IHPFRL,Hybrid_Neural_Attention,advanced,0.0,0.0,0.0,0.0,0.0,1.0,0.001
A1E3OB6QMBKRYZ,Hybrid_Neural_Attention,advanced,0.0,0.0,0.0,0.0,0.0,1.0,0.001
A19N3S7CBSU6O7,Hybrid_Neural_Attention,advanced,0.0,0.0,0.0,0.0,0.0,1.0,0.001
A3IROM8JD6KAVG,Hybrid_Neural_Attention,advanced,0.0,0.0,0.0,0.0,0.0,1.0,0.001
A1WKUY7T0EM0GM,Hybrid_Neural_Attention,advanced,0.0,0.0,0.0,0.0,0.0,1.0,0.001
AOY9SZTMNQWAW,Hybrid_Neural_Attention,advanced,0.0,0.0,0.0,0.0,0.0,1.0,0.001
A1K4G5YJDJQI6Q,Hybrid_Neural_Attention,advanced,0.0,0.0,0.0,0.0,0.0,1.0,0.001
A1PPS91NLI7KEH,Hybrid_Neural_Attention,advanced,0.0,0.0,0.0,0.0,0.0,1.0,0.001
A2GP6XJ1V3MM3L,Hybrid_Neural_Attention,advanced,0.0,0.0,0.0,0.0,0.0,1.0,0.001
A2ZR3YTMEEIIZ4,Hybrid_Neural_Attention,advanced,0.0,0.0,0.0,0.0,0.0,1.0,0.001
A5JLAU2ARJ0BO,Hybrid_Neural_Attention,advanced,0.0,0.0,0.0,0.0,0.0,1.0,0.001
A1XG38WOY3LY4V,Hybrid_Neural_Attention,advanced,0.0,0.0,0.0,0.0,0.0,1.0,0.001
A3OKH5G69MS8D9,Hybrid_Neural_Attention,advanced,0.0,0.0,0.0,0.0,0.0,1.0,0.001
A1P4XD7IORSEFN,Hybrid_Neural_Attention,advanced,0.0,0.0,0.0,0.0,0.0,1.0,0.001
A22RY8N8CNDF3A,Hybrid_Neural_Attention,advanced,0.0,0.0,0.0,0.0,0.0,1.0,0.001
A341HCMGNZCBIT,Hybrid_Neural_Attention,advanced,0.0,0.0,0.0,0.0,0.0,1.0,0.001
A2A2M8EGBY2FV0,Hybrid_Neural_Attention,advanced,0.0,0.0,0.0,0.0,0.0,1.0,0.001
ADP8ROI8NMNL2,Hybrid_Neural_Attention,advanced,0.0,0.0,0.0,0.0,0.0,1.0,0.001
A3HPCRD9RX351S,Hybrid_Neural_Attention,advanced,0.0,0.0,0.0,0.0,0.0,1.0,0.001
A13X3KB8XPS0ZX,Hybrid_Neural_Attention,advanced,0.0,0.0,0.0,0.0,0.0,1.0,0.001
A3202C86H3AD1V,Hybrid_Neural_Attention,advanced,0.0,0.0,0.0,0.0,0.0,1.0,0.001
A18NLG35HLRE41,Hybrid_Neural_Attention,advanced,0.0,0.0,0.0,0.0,0.0,1.0,0.001
A3S9DTM7BCJS21,Hybrid_Neural_Attention,advanced,0.0,0.0,0.0,0.0,0.0,1.0,0.001
A1EARN5PUVIF1S,Hybrid_Neural_Attention,advanced,0.0,0.0,0.0,0.0,0.0,1.0,0.001
A20UU20K7M9ZPF,Hybrid_Neural_Attention,advanced,0.0,0.0,0.0,0.0,0.0,1.0,0.001
A18ECVX2RJ7HUE,Hybrid_Neural_Attention,advanced,0.0,0.0,0.0,0.0,0.0,1.0,0.001
A1DQHS7MOVYYYA,Hybrid_Neural_Attention,advanced,0.0,0.0,0.0,0.0,0.0,1.0,0.001
ALUNVOQRXOZIA,Hybrid_Neural_Attention,advanced,0.0,0.0,0.0,0.0,0.0,1.0,0.001
A2YCEKVUN1W5F1,Hybrid_Neural_Attention,advanced,0.0,0.0,0.0,0.0,0.0,1.0,0.001
A2U4Z76U7DF68,Hybrid_Neural_Attention,advanced,0.0,0.0,0.0,0.0,0.0,1.0,0.001
A3G7BEJJCPD6DS,Hybrid_Neural_Attention,advanced,0.0,0.0,0.0,0.0,0.0,1.0,0.001
A2JXS1JII6SAUD,Hybrid_Neural_Attention,advanced,0.0,0.0,0.0,0.0,0.0,1.0,0.001
A3Q3ICZ7K0RA1V,Hybrid_Neural_Attention,advanced,0.0,0.0,0.0,0.0,0.0,1.0,0.001
A3956O40ZZYFMY,Hybrid_Neural_Attention,advanced,0.0,0.0,0.0,0.0,0.0,1.0,0.001
A2LHANCVBGV36U,Hybrid_Neural_Attention,advanced,0.0,0.0,0.0,0.0,0.0,1.0,0.001
A328GLDSDNFYII,Hybrid_Neural_Attention,advanced,0.0,0.0,0.0,0.0,0.0,1.0,0.001
AAEVGE52KL0DJ,Hybrid_Neural_Attention,advanced,0.0,0.0,0.0,0.0,0.0,1.0,0.001
A1C82BC5GNABOA,Hybrid_Neural_Attention,advanced,0.0,0.0,0.0,0.0,0.0,1.0,0.001
A1GPVV2XWNGSDX,Hybrid_Neural_Attention,advanced,0.0,0.0,0.0,0.0,0.0,1.0,0.001
A10NQKIG7NXUR7,Hybrid_Neural_Attention,advanced,0.0,0.0,0.0,0.0,0.0,1.0,0.001
A1VHCO8RQFIGQJ,Hybrid_Neural_Attention,advanced,0.0,0.0,0.0,0.0,0.0,1.0,0.001
A2Z9S2RQD542CP,Hybrid_Neural_Attention,advanced,0.0,0.0,0.0,0.0,0.0,1.0,0.001
A2QIC4G483SQQA,Hybrid_Neural_Attention,advanced,0.0,0.0,0.0,0.0,0.0,1.0,0.001
A1AVDAS4VK9FCL,Hybrid_Neural_Attention,advanced,0.0,0.0,0.0,0.0,0.0,1.0,0.001
A3L6L5O89JTX2T,Hybrid_Neural_Attention,advanced,0.0,0.0,0.0,0.0,0.0,1.0,0.001
A1OGCPMSIVK7G4,Hybrid_Neural_Attention,advanced,0.0,0.0,0.0,0.0,0.0,1.0,0.001
A18HE80910BTZI,Hybrid_Neural_Attention,advanced,0.0,0.0,0.0,0.0,0.0,1.0,0.001
A3F9CBHV4OHFBS,Hybrid_Neural_Attention,advanced,0.0,0.0,0.0,0.0,0.0,1.0,0.001
A2UFAKH7Y8VH5N,Hybrid_Neural_Attention,advanced,0.0,0.0,0.0,0.0,0.0,1.0,0.001
A2NX6MFZP8TM6S,Hybrid_Neural_Attention,advanced,0.0,0.0,0.0,0.0,0.0,1.0,0.001
ADOR3TR7GDF68,Hybrid_Neural_Attention,advanced,0.0,0.0,0.0,0.0,0.0,1.0,0.001
ADWUJZ8865J2A,Hybrid_Neural_Attention,advanced,0.0,0.0,0.0,0.0,0.0,1.0,0.001
A1G6M86XS35YS3,Hybrid_Neural_Attention,advanced,0.0,0.0,0.0,0.0,0.0,1.0,0.001
A3O12K1YQR2FZ9,Hybrid_Neural_Attention,advanced,0.0,0.0,0.0,0.0,0.0,1.0,0.001
A1T1YSCDW0PD25,Hybrid_Neural_Attention,advanced,1.0,0.1,0.03333333333333333,0.06362078819895171,0.0,1.0,0.001
AOVMTR7PA8XB9,Hybrid_Neural_Attention,advanced,0.0,0.0,0.0,0.0,0.0,1.0,0.001
ABVYGB2TKBO8F,Hybrid_Neural_Attention,advanced,0.0,0.0,0.0,0.0,0.0,1.0,0.001
A11ED8O95W2103,Hybrid_Neural_Attention,advanced,0.0,0.0,0.0,0.0,0.0,1.0,0.001
A3NCIN6TNL0MGA,Hybrid_Neural_Attention,advanced,0.0,0.0,0.0,0.0,0.0,1.0,0.001
ASHJAZC9OA9NS,Hybrid_Neural_Attention,advanced,0.0,0.0,0.0,0.0,0.0,1.0,0.001
AAK7M9P1GEYWV,Hybrid_Neural_Attention,advanced,0.0,0.0,0.0,0.0,0.0,1.0,0.001
AW8UBYMNJ894V,Hybrid_Neural_Attention,advanced,0.0,0.0,0.0,0.0,0.0,1.0,0.001
A2BLITJITO97N5,Hybrid_Neural_Attention,advanced,0.0,0.0,0.0,0.0,0.0,1.0,0.001
A2MY9VXHZYAHUZ,Hybrid_Neural_Attention,advanced,0.0,0.0,0.0,0.0,0.0,1.0,0.001
A1X3DA7C61WZLQ,Hybrid_Neural_Attention,advanced,0.0,0.0,0.0,0.0,0.0,1.0,0.001
A1RPTVW5VEOSI,Hybrid_Neural_Attention,advanced,0.0,0.0,0.0,0.0,0.0,1.0,0.001
A1SCWY8O0IL2HU,Hybrid_Neural_Attention,advanced,0.0,0.0,0.0,0.0,0.0,1.0,0.001
A1FP2LA6M2OJX0,Hybrid_Neural_Attention,advanced,0.0,0.0,0.0,0.0,0.0,1.0,0.001
AVV7UXTHR0NWS,Hybrid_Neural_Attention,advanced,0.0,0.0,0.0,0.0,0.0,1.0,0.001
A1TBH7Z4RK7PRK,Hybrid_Neural_Attention,advanced,0.0,0.0,0.0,0.0,0.0,1.0,0.001
ADNV4SOGOMZXP,Hybrid_Neural_Attention,advanced,0.0,0.0,0.0,0.0,0.0,1.0,0.001
A1MD9AEU9C4WJN,Hybrid_Neural_Attention,advanced,0.0,0.0,0.0,0.0,0.0,1.0,0.001
A2HMF8ZR67BNZS,Hybrid_Neural_Attention,advanced,0.0,0.0,0.0,0.0,0.0,1.0,0.001
AZMY6E8B52L2T,Hybrid_Neural_Attention,advanced,0.0,0.0,0.0,0.0,0.0,1.0,0.001
AC8C9PT59CDW1,Hybrid_Neural_Attention,advanced,0.0,0.0,0.0,0.0,0.0,1.0,0.001
A2HDTOF8222KN3,Hybrid_Neural_Attention,advanced,0.0,0.0,0.0,0.0,0.0,1.0,0.001
A1R8R7XKJJ3Q3T,Hybrid_Neural_Attention,advanced,0.0,0.0,0.0,0.0,0.0,1.0,0.001
A21OA8773GTIKD,Hybrid_Neural_Attention,advanced,0.0,0.0,0.0,0.0,0.0,1.0,0.001
A2TN0U8173HM7A,Hybrid_Neural_Attention,advanced,0.0,0.0,0.0,0.0,0.0,1.0,0.001
ASCBJEPXTOU0V,Hybrid_Neural_Attention,advanced,0.0,0.0,0.0,0.0,0.0,1.0,0.001
A3LQI6DLFEXOVJ,Hybrid_Neural_Attention,advanced,0.0,0.0,0.0,0.0,0.0,1.0,0.001
A5ZGJBOPDRVQL,Hybrid_Neural_Attention,advanced,0.0,0.0,0.0,0.0,0.0,1.0,0.001
A33LBTRTH6XOLE,Hybrid_Neural_Attention,advanced,0.0,0.0,0.0,0.0,0.0,1.0,0.001
A3BMUBUC1N77U8,Full_Advanced_Stack,advanced,0.0,0.0,0.0,0.0,0.0,1.0,0.001
A3IIGCFLKVFW8M,Full_Advanced_Stack,advanced,0.0,0.0,0.0,0.0,0.0,1.0,0.001
A6J8D9V5S9MBE,Full_Advanced_Stack,advanced,0.0,0.0,0.0,0.0,0.0,1.0,0.001
A3CLWR1UUZT6TG,Full_Advanced_Stack,advanced,1.0,0.1,0.2,0.09803928583135704,0.0,1.0,0.001
A11NR4AJK9TNQM,Full_Advanced_Stack,advanced,0.0,0.0,0.0,0.0,0.0,1.0,0.001
A1VA1QF8KZNBLL,Full_Advanced_Stack,advanced,0.0,0.0,0.0,0.0,0.0,1.0,0.001
A3TAS1AG6FMBQW,Full_Advanced_Stack,advanced,0.0,0.0,0.0,0.0,0.0,1.0,0.001
A39WT88YZXIJTB,Full_Advanced_Stack,advanced,0.0,0.0,0.0,0.0,0.0,1.0,0.001
AZFF4CX9MQ4AE,Full_Advanced_Stack,advanced,0.0,0.0,0.0,0.0,0.0,1.0,0.001
A2Y4H3PXB07WQI,Full_Advanced_Stack,advanced,0.0,0.0,0.0,0.0,0.0,1.0,0.001
ABU4LUKJU2QOY,Full_Advanced_Stack,advanced,0.0,0.0,0.0,0.0,0.0,1.0,0.001
A25RTRAPQAJBDJ,Full_Advanced_Stack,advanced,0.0,0.0,0.0,0.0,0.0,1.0,0.001
A1C00XXCYWEKK1,Full_Advanced_Stack,advanced,0.0,0.0,0.0,0.0,0.0,1.0,0.001
A3LDPF5FMB782Z,Full_Advanced_Stack,advanced,0.0,0.0,0.0,0.0,0.0,1.0,0.001
A1A5KUIIIHFF4U,Full_Advanced_Stack,advanced,0.0,0.0,0.0,0.0,0.0,1.0,0.001
A2XIOXRRYX0KZY,Full_Advanced_Stack,advanced,0.0,0.0,0.0,0.0,0.0,1.0,0.001
AH9FCFS4PCUVE,Full_Advanced_Stack,advanced,0.0,0.0,0.0,0.0,0.0,1.0,0.001
AW3LX47IHPFRL,Full_Advanced_Stack,advanced,0.0,0.0,0.0,0.0,0.0,1.0,0.001
A1E3OB6QMBKRYZ,Full_Advanced_Stack,advanced,0.0,0.0,0.0,0.0,0.0,1.0,0.001
A19N3S7CBSU6O7,Full_Advanced_Stack,advanced,0.0,0.0,0.0,0.0,0.0,1.0,0.001
A3IROM8JD6KAVG,Full_Advanced_Stack,advanced,0.0,0.0,0.0,0.0,0.0,1.0,0.001
A1WKUY7T0EM0GM,Full_Advanced_Stack,advanced,0.0,0.0,0.0,0.0,0.0,1.0,0.001
AOY9SZTMNQWAW,Full_Advanced_Stack,advanced,0.0,0.0,0.0,0.0,0.0,1.0,0.001
A1K4G5YJDJQI6Q,Full_Advanced_Stack,advanced,0.0,0.0,0.0,0.0,0.0,1.0,0.001
A1PPS91NLI7KEH,Full_Advanced_Stack,advanced,0.0,0.0,0.0,0.0,0.0,1.0,0.001
A2GP6XJ1V3MM3L,Full_Advanced_Stack,advanced,0.0,0.0,0.0,0.0,0.0,1.0,0.001
A2ZR3YTMEEIIZ4,Full_Advanced_Stack,advanced,0.0,0.0,0.0,0.0,0.0,1.0,0.001
A5JLAU2ARJ0BO,Full_Advanced_Stack,advanced,0.0,0.0,0.0,0.0,0.0,1.0,0.001
A1XG38WOY3LY4V,Full_Advanced_Stack,advanced,0.0,0.0,0.0,0.0,0.0,1.0,0.001
A3OKH5G69MS8D9,Full_Advanced_Stack,advanced,0.0,0.0,0.0,0.0,0.0,1.0,0.001
A1P4XD7IORSEFN,Full_Advanced_Stack,advanced,0.0,0.0,0.0,0.0,0.0,1.0,0.001
A22RY8N8CNDF3A,Full_Advanced_Stack,advanced,0.0,0.0,0.0,0.0,0.0,1.0,0.001
A341HCMGNZCBIT,Full_Advanced_Stack,advanced,0.0,0.0,0.0,0.0,0.0,1.0,0.001
A2A2M8EGBY2FV0,Full_Advanced_Stack,advanced,0.0,0.0,0.0,0.0,0.0,1.0,0.001
ADP8ROI8NMNL2,Full_Advanced_Stack,advanced,0.0,0.0,0.0,0.0,0.0,1.0,0.001
A3HPCRD9RX351S,Full_Advanced_Stack,advanced,0.0,0.0,0.0,0.0,0.0,1.0,0.001
A13X3KB8XPS0ZX,Full_Advanced_Stack,advanced,0.0,0.0,0.0,0.0,0.0,1.0,0.001
A3202C86H3AD1V,Full_Advanced_Stack,advanced,0.0,0.0,0.0,0.0,0.0,1.0,0.001
A18NLG35HLRE41,Full_Advanced_Stack,advanced,0.0,0.0,0.0,0.0,0.0,1.0,0.001
A3S9DTM7BCJS21,Full_Advanced_Stack,advanced,0.0,0.0,0.0,0.0,0.0,1.0,0.001
A1EARN5PUVIF1S,Full_Advanced_Stack,advanced,0.0,0.0,0.0,0.0,0.0,1.0,0.001
A20UU20K7M9ZPF,Full_Advanced_Stack,advanced,0.0,0.0,0.0,0.0,0.0,1.0,0.001
A18ECVX2RJ7HUE,Full_Advanced_Stack,advanced,0.0,0.0,0.0,0.0,0.0,1.0,0.001
A1DQHS7MOVYYYA,Full_Advanced_Stack,advanced,0.0,0.0,0.0,0.0,0.0,1.0,0.001
ALUNVOQRXOZIA,Full_Advanced_Stack,advanced,0.0,0.0,0.0,0.0,0.0,1.0,0.001
A2YCEKVUN1W5F1,Full_Advanced_Stack,advanced,0.0,0.0,0.0,0.0,0.0,1.0,0.001
A2U4Z76U7DF68,Full_Advanced_Stack,advanced,0.0,0.0,0.0,0.0,0.0,1.0,0.001
A3G7BEJJCPD6DS,Full_Advanced_Stack,advanced,0.0,0.0,0.0,0.0,0.0,1.0,0.001
A2JXS1JII6SAUD,Full_Advanced_Stack,advanced,0.0,0.0,0.0,0.0,0.0,1.0,0.001
A3Q3ICZ7K0RA1V,Full_Advanced_Stack,advanced,0.0,0.0,0.0,0.0,0.0,1.0,0.001
A3956O40ZZYFMY,Full_Advanced_Stack,advanced,0.0,0.0,0.0,0.0,0.0,1.0,0.001
A2LHANCVBGV36U,Full_Advanced_Stack,advanced,0.0,0.0,0.0,0.0,0.0,1.0,0.001
A328GLDSDNFYII,Full_Advanced_Stack,advanced,0.0,0.0,0.0,0.0,0.0,1.0,0.001
AAEVGE52KL0DJ,Full_Advanced_Stack,advanced,0.0,0.0,0.0,0.0,0.0,1.0,0.001
A1C82BC5GNABOA,Full_Advanced_Stack,advanced,0.0,0.0,0.0,0.0,0.0,1.0,0.001
A1GPVV2XWNGSDX,Full_Advanced_Stack,advanced,0.0,0.0,0.0,0.0,0.0,1.0,0.001
A10NQKIG7NXUR7,Full_Advanced_Stack,advanced,0.0,0.0,0.0,0.0,0.0,1.0,0.001
A1VHCO8RQFIGQJ,Full_Advanced_Stack,advanced,0.0,0.0,0.0,0.0,0.0,1.0,0.001
A2Z9S2RQD542CP,Full_Advanced_Stack,advanced,0.0,0.0,0.0,0.0,0.0,1.0,0.001
A2QIC4G483SQQA,Full_Advanced_Stack,advanced,0.0,0.0,0.0,0.0,0.0,1.0,0.001
A1AVDAS4VK9FCL,Full_Advanced_Stack,advanced,0.0,0.0,0.0,0.0,0.0,1.0,0.001
A3L6L5O89JTX2T,Full_Advanced_Stack,advanced,0.0,0.0,0.0,0.0,0.0,1.0,0.001
A1OGCPMSIVK7G4,Full_Advanced_Stack,advanced,0.0,0.0,0.0,0.0,0.0,1.0,0.001
A18HE80910BTZI,Full_Advanced_Stack,advanced,0.0,0.0,0.0,0.0,0.0,1.0,0.001
A3F9CBHV4OHFBS,Full_Advanced_Stack,advanced,0.0,0.0,0.0,0.0,0.0,1.0,0.001
A2UFAKH7Y8VH5N,Full_Advanced_Stack,advanced,0.0,0.0,0.0,0.0,0.0,1.0,0.001
A2NX6MFZP8TM6S,Full_Advanced_Stack,advanced,0.0,0.0,0.0,0.0,0.0,1.0,0.001
ADOR3TR7GDF68,Full_Advanced_Stack,advanced,0.0,0.0,0.0,0.0,0.0,1.0,0.001
ADWUJZ8865J2A,Full_Advanced_Stack,advanced,0.0,0.0,0.0,0.0,0.0,1.0,0.001
A1G6M86XS35YS3,Full_Advanced_Stack,advanced,0.0,0.0,0.0,0.0,0.0,1.0,0.001
A3O12K1YQR2FZ9,Full_Advanced_Stack,advanced,0.0,0.0,0.0,0.0,0.0,1.0,0.001
A1T1YSCDW0PD25,Full_Advanced_Stack,advanced,1.0,0.1,0.03333333333333333,0.06362078819895171,0.0,1.0,0.001
AOVMTR7PA8XB9,Full_Advanced_Stack,advanced,0.0,0.0,0.0,0.0,0.0,1.0,0.001
ABVYGB2TKBO8F,Full_Advanced_Stack,advanced,0.0,0.0,0.0,0.0,0.0,1.0,0.001
A11ED8O95W2103,Full_Advanced_Stack,advanced,0.0,0.0,0.0,0.0,0.0,1.0,0.001
A3NCIN6TNL0MGA,Full_Advanced_Stack,advanced,0.0,0.0,0.0,0.0,0.0,1.0,0.001
ASHJAZC9OA9NS,Full_Advanced_Stack,advanced,0.0,0.0,0.0,0.0,0.0,1.0,0.001
AAK7M9P1GEYWV,Full_Advanced_Stack,advanced,0.0,0.0,0.0,0.0,0.0,1.0,0.001
AW8UBYMNJ894V,Full_Advanced_Stack,advanced,0.0,0.0,0.0,0.0,0.0,1.0,0.001
A2BLITJITO97N5,Full_Advanced_Stack,advanced,0.0,0.0,0.0,0.0,0.0,1.0,0.001
A2MY9VXHZYAHUZ,Full_Advanced_Stack,advanced,0.0,0.0,0.0,0.0,0.0,1.0,0.001
A1X3DA7C61WZLQ,Full_Advanced_Stack,advanced,0.0,0.0,0.0,0.0,0.0,1.0,0.001
A1RPTVW5VEOSI,Full_Advanced_Stack,advanced,0.0,0.0,0.0,0.0,0.0,1.0,0.001
A1SCWY8O0IL2HU,Full_Advanced_Stack,advanced,0.0,0.0,0.0,0.0,0.0,1.0,0.001
A1FP2LA6M2OJX0,Full_Advanced_Stack,advanced,0.0,0.0,0.0,0.0,0.0,1.0,0.001
AVV7UXTHR0NWS,Full_Advanced_Stack,advanced,0.0,0.0,0.0,0.0,0.0,1.0,0.001
A1TBH7Z4RK7PRK,Full_Advanced_Stack,advanced,0.0,0.0,0.0,0.0,0.0,1.0,0.001
ADNV4SOGOMZXP,Full_Advanced_Stack,advanced,0.0,0.0,0.0,0.0,0.0,1.0,0.001
A1MD9AEU9C4WJN,Full_Advanced_Stack,advanced,0.0,0.0,0.0,0.0,0.0,1.0,0.001
A2HMF8ZR67BNZS,Full_Advanced_Stack,advanced,0.0,0.0,0.0,0.0,0.0,1.0,0.001
AZMY6E8B52L2T,Full_Advanced_Stack,advanced,0.0,0.0,0.0,0.0,0.0,1.0,0.001
AC8C9PT59CDW1,Full_Advanced_Stack,advanced,0.0,0.0,0.0,0.0,0.0,1.0,0.001
A2HDTOF8222KN3,Full_Advanced_Stack,advanced,0.0,0.0,0.0,0.0,0.0,1.0,0.001
A1R8R7XKJJ3Q3T,Full_Advanced_Stack,advanced,0.0,0.0,0.0,0.0,0.0,1.0,0.001
A21OA8773GTIKD,Full_Advanced_Stack,advanced,0.0,0.0,0.0,0.0,0.0,1.0,0.001
A2TN0U8173HM7A,Full_Advanced_Stack,advanced,0.0,0.0,0.0,0.0,0.0,1.0,0.001
ASCBJEPXTOU0V,Full_Advanced_Stack,advanced,0.0,0.0,0.0,0.0,0.0,1.0,0.001
A3LQI6DLFEXOVJ,Full_Advanced_Stack,advanced,0.0,0.0,0.0,0.0,0.0,1.0,0.001
A5ZGJBOPDRVQL,Full_Advanced_Stack,advanced,0.0,0.0,0.0,0.0,0.0,1.0,0.001
A33LBTRTH6XOLE,Full_Advanced_Stack,advanced,0.0,0.0,0.0,0.0,0.0,1.0,0.001
